region_id,population
272, 1241185
273, 656495
274, 970010
275, 1312520
276, 509567
277, 630514
278, 1202486
279, 856963
280, 829953
281, 1010006
282, 2410845
283, 516805
284, 4830980
285, 1458557
286, 474686
287, 825140
288, 518506
289, 899212
290, 529683
291, 454562
292, 1779822
293, 166003
294, 174312
295, 473240
296, 625963
297, 674991
298, 432292
299, 608787
300, 1172770
301, 386536
302, 723865
303, 330648
99878, 487998
99879, 158803
900483, 1241239
900484, 656515
900485, 970010
900486, 1312279
900487, 509307
900488, 510317
900489, 630639
900490, 1202493
900491, 858028
900492, 829201
900493, 1010827
900494, 2410235
900495, 516816
900496, 4830980
900497, 1433916
900498, 474686
900499, 825815
900500, 518133
900501, 899235
900502, 529683
900503, 454562
900504, 1780037
900505, 166107
900506, 174276
900507, 473418
900508, 625837
900509, 158803
900510, 674991
900511, 432292
900512, 608787
900513, 1172383
900514, 387598
900515, 723865
900516, 330654
304, 6394
305, 79365
306, 24433
307, 13926
308, 23827
309, 46460
310, 216827
311, 164509
312, 141908
313, 30095
314, 18166
315, 16429
316, 50157
317, 7985
318, 105772
319, 57394
320, 21044
321, 39634
322, 40245
323, 64403
324, 45833
325, 97431
326, 27155
327, 17442
328, 33466
329, 14939
330, 20798
331, 11494
332, 55754
333, 11254
334, 42996
335, 154105
336, 10028
337, 12956
338, 945274
339, 17411
340, 112879
341, 546381
342, 923038
343, 433014
344, 4279872
345, 817116
346, 1497023
347, 336555
348, 988261
349, 1007454
350, 1433086
351, 745206
352, 798676
353, 1059773
354, 1206212
355, 1250228
356, 1680075
357, 340414
358, 881040
359, 483956
360, 462493
361, 564021
362, 88579
363, 715202
364, 474473
365, 741796
366, 948806
367, 885316
368, 898782
369, 874195
370, 1297879
371, 350796
372, 2156196
373, 781806
374, 780703
375, 855713
376, 412013
377, 1766096
378, 722376
379, 1057647
380, 561396
381, 245398
382, 800350
383, 100079
384, 1152302
385, 696734
386, 649817
387, 1154903
388, 1101997
389, 51262
391, 26384
392, 9464
393, 21381
394, 21805
395, 14039
396, 8110
397, 10335
398, 649467
399, 1973503
400, 1078887
401, 1378871
402, 422421
403, 1892312
404, 1247671
405, 1684331
406, 3206859
407, 299044
408, 16573563
409, 892490
410, 510636
411, 948363
412, 1200435
413, 637907
414, 923545
415, 833976
416, 3355
417, 2685
418, 1436
419, 944
420, 1327
421, 1582
422, 534
424, 579
425, 332
40206, 1894
40208, 10415
40209, 51969
40210, 7264
40211, 8628
40212, 5838
40213, 3574
429, 17911478
430, 2607176
431, 410871
432, 1140297
433, 645327
434, 3618205
435, 1075724
436, 1331189
437, 584278
438, 748703
439, 345225
440, 393675
441, 1938330
442, 1306288
443, 660330
444, 751040
445, 1393167
446, 763013
447, 520054
448, 411288
449, 3426543
450, 959051
451, 161953
452, 1582656
453, 131312
454, 225013
455, 257866
456, 214003
457, 349535
458, 189559
460, 215835
461, 109483
462, 105149
463, 43635
464, 939503
900833, 969118
900834, 135791
900835, 261338
900836, 270427
900837, 215472
900838, 191343
900839, 266572
900840, 217511
900841, 111446
900842, 46793
900843, 111194
465, 115263
70036, 1194956
70037, 185254
900005, 641906
467, 0
468, 356572
470, 6741109
471, 205405
472, 814
473, 4246681
474, 1578287
475, 472829
476, 5319773
477, 2196199
478, 351817
479, 556257
480, 1690526
481, 1450407
482, 539440
483, 1243721
484, 756677
485, 389272
486, 1825538
493, 1675073
516, 1273734
528, 483338
534, 1624014
536, 908055
541, 426898
558, 600079
147298, 2009930
147299, 317426
147302, 267440
147306, 655378
561, 353248
562, 215777
563, 33571
564, 171
565, 7776
566, 106439
567, 180573
568, 268579
569, 132207
570, 86731
571, 260233
572, 128586
573, 245091
575, 8310235
576, 31920452
577, 57322532
578, 16459322
579, 20613574
580, 12100613
61363, 17637100
900396, 379721
900397, 8111123
900398, 31856028
900399, 45248260
900400, 16609495
900401, 12094344
900402, 20676144
900403, 17685506
900404, 12080382
581, 43164
582, 5025
583, 23526
584, 36890
585, 11271
586, 6144
587, 12455
588, 77673
589, 13269
590, 34169
591, 18329
593, 1329592
594, 1361740
595, 975023
596, 2592442
597, 828570
598, 987604
599, 1104129
600, 1250852
601, 6593758
602, 3761558
603, 132781
604, 87945
605, 48106
606, 57183
607, 49999
608, 34690
609, 1225382
610, 1044243
611, 1875719
612, 1678512
613, 853893
614, 899577
615, 718683
616, 673115
617, 614862
618, 1467742
619, 820208
620, 1088094
621, 42697
622, 19955
623, 101507
624, 31788
625, 3206
626, 13769
627, 17031
628, 49529
629, 44198
630, 29034
631, 25083
632, 79558
633, 81742
634, 50527
635, 116879
636, 20251
637, 65570
638, 17807
639, 24082
640, 63914
641, 24168
648, 197672
40443, 475821
40444, 626899
40445, 2060434
40446, 3108039
40447, 598494
40448, 940770
40449, 3286394
40450, 569713
901145, 494954
901146, 623529
901147, 2040761
901148, 3103299
901149, 600580
901150, 197905
901151, 939568
901152, 3291115
901153, 569751
901154, 139
901155, 159
652, 2207344
653, 1148015
654, 717736
655, 29493
656, 56287
657, 59984
658, 112551
659, 391656
660, 182346
661, 187899
662, 420329
663, 247680
665, 937801
666, 3454732
667, 883967
668, 4408725
669, 15136805
670, 9591872
671, 3220128
672, 3928100
673, 7319855
674, 7739246
675, 3842956
676, 2919037
677, 21632034
678, 9687721
679, 4136476
680, 11462822
681, 9768094
682, 3436277
683, 17810958
684, 3636831
685, 11288380
686, 1824051
687, 633594
688, 7302132
689, 46165080
690, 2410813
691, 1709840
39503, 296
39504, 271
39505, 23
39506, 25101
39507, 3869
698, 70550
699, 327451
700, 13014
701, 47166
702, 296849
703, 405174
704, 164416
705, 106558
706, 220568
707, 113875
708, 141621
709, 119027
710, 118424
711, 121372
712, 244183
713, 185861
714, 223449
715, 651144
716, 104496
717, 201897
718, 161570
719, 109372
720, 180213
721, 103031
722, 294275
723, 1275730
724, 302057
725, 107761
726, 483562
727, 229413
728, 81882
729, 155913
40276, 1934182
40277, 1134725
40278, 4212156
40279, 1729814
40280, 1741365
40281, 1704047
40282, 880946
40283, 2031446
40284, 2478724
40285, 1597595
40286, 933220
40287, 1490156
40288, 944189
900712, 1929705
900713, 1125538
900714, 4218334
900715, 1695128
900716, 1741685
900717, 1709756
900718, 889771
900719, 2066212
900720, 2470556
900721, 1603165
900722, 943437
900723, 1459850
900724, 944294
40542, 423842
40543, 873128
40544, 795274
40545, 853250
40546, 337694
40547, 587674
40548, 888590
40549, 530726
40550, 863607
40551, 863390
40552, 575960
40553, 358069
40554, 1049363
40555, 346472
40556, 841855
40557, 534866
40558, 608023
900102, 434132
900103, 419118
791, 938546
792, 1965315
793, 1932288
794, 555023
795, 926298
796, 759909
797, 781966
798, 1597513
799, 150640
800, 46246
801, 459274
802, 272582
803, 161839
804, 1247014
805, 408341
806, 2336409
807, 397014
808, 955471
809, 445568
810, 280863
811, 1340851
812, 172737
813, 502236
814, 929606
65289, 339
65290, 12000
900411, 11334
900412, 938163
900413, 1962982
900414, 955350
900415, 548897
900416, 905583
900417, 756700
900418, 782308
900419, 1360444
900420, 45637
900421, 127580
900422, 457131
900423, 163306
900424, 1237795
900425, 403631
900426, 2585599
900427, 294376
900428, 401815
900429, 958946
900430, 450115
900431, 280888
900432, 1343693
900433, 171728
900434, 511249
900435, 938211
900436, 983048
815, 1466567
816, 5796141
817, 1089130
818, 4632798
819, 4305318
820, 3193533
821, 2341166
822, 2148112
823, 985850
824, 2113661
900959, 1464934
900960, 5796768
900961, 1087881
900962, 4667798
900963, 4210594
900964, 3186228
900965, 2341519
900966, 2147651
900967, 985125
900968, 2091526
825, 4395918
826, 4908477
827, 1329178
828, 782159
829, 502192
830, 41140
831, 915466
832, 32294
833, 14170416
834, 143921
835, 8519727
836, 1167129
837, 41304
838, 19252
839, 3989
840, 21
841, 35107
842, 10
843, 10
844, 5811
845, 17
846, 21707
847, 10
848, 289535
849, 43534
850, 11659
851, 79005
68742, 64491
68743, 1296
68744, 884
853, 59901
854, 340137
855, 79606
856, 124520
857, 162617
858, 339497
859, 500763
860, 220483
861, 161795
862, 321262
863, 524221
864, 379896
865, 508428
866, 591599
867, 139390
868, 74668
67154, 809412
870, 1031000
873, 793610
875, 324099
876, 878055
881, 425333
12904, 259172
12905, 439539
12907, 275191
12908, 399259
12909, 42942
12910, 547124
12911, 313706
12912, 2144892
12914, 447506
12915, 847411
12918, 934375
12919, 286963
12920, 635905
12921, 424092
12922, 771274
12923, 582405
12924, 245162
12925, 876054
12926, 456773
12927, 850928
12928, 499249
12930, 335148
12931, 515656
900172, 449526
900173, 697321
900174, 269621
900175, 832176
900176, 315109
900177, 106521
900178, 793898
900179, 787403
900180, 540386
900181, 624517
900182, 879737
900183, 1201395
900184, 878234
900185, 1071800
900186, 781693
900187, 797641
900188, 1397717
900189, 1171990
900190, 423771
900191, 636463
900192, 864663
900193, 42539
900194, 1018701
883, 709890
884, 1135789
885, 327773
886, 123084
887, 2286115
888, 905176
889, 1029488
890, 1027643
891, 160944
892, 1154586
893, 8720721
895, 461688
896, 2110572
91503, 179348
91504, 412259
897, 40094
898, 59896404
899, 28213524
900, 27151304
901, 39472604
902, 26108888
903, 124314072
904, 48116268
905, 34424812
906, 9733051
907, 77492816
908, 40180124
909, 98009040
911, 55615412
912, 68204600
913, 83039120
914, 49645784
915, 28198504
916, 45657044
917, 26934768
918, 7393436
919, 6601297
920, 39214344
921, 101018504
922, 31823894
923, 39299904
924, 80420640
926, 16968212
927, 26007470
928, 3470541
929, 49773036
930, 62641920
931, 1838
933, 359
934, 141531
935, 7928416
936, 461364
937, 3259440
938, 3217860
939, 1534885
941, 1082928
942, 671302
943, 860529
944, 1872821
945, 1219591
946, 639629
947, 2513131
948, 14062328
949, 114108
950, 1577289
951, 178336
952, 1489539
953, 1549060
954, 1405040
955, 2154208
956, 1598936
957, 562863
958, 707907
959, 1094046
960, 102328
961, 2717147
962, 1065486
963, 1784532
964, 5487773
965, 103180
966, 101550
901156, 7930232
901157, 3082308
901158, 10061854
901159, 3263243
901160, 1481104
901161, 1068968
901162, 664570
901163, 1843061
901164, 1237361
901165, 2533166
901166, 4080845
901167, 690850
901168, 1446803
901169, 1482949
901170, 1752860
901171, 1283927
901172, 2185661
901173, 1570295
901174, 706515
901175, 1126848
901176, 2705609
901177, 1026056
901178, 1746364
901179, 5617113
901180, 451891
901181, 906384
901182, 543276
901183, 102328
901184, 142452
901185, 116688
901186, 183849
901187, 102730
901188, 97261
967, 65078
968, 333632
969, 452249
970, 255512
971, 233241
972, 189945
973, 230066
974, 165602
975, 1054810
976, 160334
977, 114007
978, 423858
979, 110554
900002, 276760
900003, 783472
980, 15914
981, 978014
982, 542329
983, 392455
984, 513780
985, 432096
986, 462314
987, 1492981
988, 107421
989, 105482
990, 754093
991, 196435
992, 120375
993, 109193
994, 149993
995, 45262
996, 104598
997, 287031
998, 73401
1000, 98773
1001, 164421
1002, 147444
1003, 426074
1004, 161960
1005, 75579
1006, 162829
1007, 174270
1008, 346313
900026, 281544
1009, 777813
1010, 410176
1011, 403334
1012, 1858462
1013, 832899
1014, 575854
1015, 1069225
1016, 77210
1017, 899965
1018, 519007
1019, 698120
1020, 729255
1021, 504393
1022, 1001988
1023, 730197
1024, 244721
1025, 68241
1026, 161345
1027, 279810
1028, 472729
1029, 118651
1030, 711826
1031, 2074444
1032, 1565679
1033, 1184524
1034, 1816277
1035, 1366086
1036, 1237485
1037, 884289
1040, 2692382
1041, 343501
1043, 1467712
1044, 1642717
1045, 2728611
1048, 1978280
1050, 1337352
1051, 1614962
1053, 1062497
16838, 405690
16840, 1900490
16845, 1024301
40692, 2861567
900025, 5450126
1054, 1434506
1055, 388489
1056, 1446832
1058, 2360777
1059, 1803602
1060, 2907061
1061, 2993870
1062, 2941995
1063, 3142299
1064, 3157561
1065, 764098
1066, 8553457
1067, 3004779
1068, 11026867
1069, 13515202
1070, 10040941
1071, 28281910
1072, 7850570
1073, 3071970
1074, 9391261
1075, 13394677
1076, 6308998
900143, 5674065
900144, 3529128
900145, 6212139
900146, 3008013
900147, 1717903
900148, 4479438
900149, 2356058
900150, 2402447
900151, 3060707
900152, 1577978
900153, 2307201
900154, 1678479
900155, 1520478
900156, 2126189
900157, 9388370
900158, 3071970
900159, 4017391
900160, 7972880
900161, 5538392
900162, 10750496
900163, 200078
900164, 4166797
900165, 7214859
900166, 6300509
900167, 6247093
900168, 7853027
901011, 6351
901012, 58798
901013, 7497
1077, 748909
1078, 37479
1079, 114401
1081, 490968
1083, 509653
1084, 226117
1085, 287944
1087, 244335
1088, 247263
1090, 390265
1091, 316626
1092, 241565
40856, 390103
40857, 1288087
40858, 245308
1093, 145838
1094, 155805
1095, 607375
1096, 69536
1097, 167523
900405, 147561
900406, 72793
900407, 115465
900408, 574259
900409, 68512
900410, 167487
1098, 9411
1099, 13987
1100, 16472
1101, 4978
1102, 6035
1103, 1219
1104, 570
1105, 7812
1106, 8125
1107, 1064
1108, 251173
1109, 153755
1110, 217198
1111, 68101
1112, 3317913
1113, 353053
1114, 90961
1115, 319956
1116, 69617
1117, 535451
1118, 70766
1119, 296972
1120, 473648
1121, 192976
1122, 184997
1123, 59981
1124, 285423
1125, 343844
1126, 95375
1127, 114057
1128, 700778
1129, 241845
1130, 389913
1131, 162248
1132, 1068456
1133, 54288
1134, 231149
36854, 105832
36855, 189415
36856, 240945
36857, 61149
36858, 1085691
901058, 1270
901059, 321587
901060, 342528
901061, 1068578
901062, 477347
901063, 160954
901064, 188908
901065, 352855
901066, 191946
901067, 95223
901068, 114286
901069, 73151
901070, 183736
901071, 54224
901072, 232139
901073, 250820
901074, 287162
901075, 692347
901076, 60731
901077, 156561
901078, 214141
901079, 71455
901080, 63385
901081, 73035
901082, 241936
901083, 92275
901084, 535330
901085, 296233
901086, 389513
901087, 239637
901088, 105677
901089, 1083785
901090, 3327461
1135, 862345
1136, 201886
1137, 247171
1138, 179675
1139, 528557
1140, 486196
1141, 685466
1142, 665515
1143, 33162
1144, 4299369
1145, 466815
1146, 500257
1147, 945526
1148, 1601678
1149, 196221
1150, 173995
1151, 226217
1152, 118199
1153, 3232509
1154, 252729
1155, 586114
1156, 114080
1157, 40427
22007, 404821
22008, 483412
2746, 902635
2747, 958540
2748, 1903568
2750, 6244942
2751, 2054634
2754, 686509
2765, 1132363
2766, 444515
2768, 942184
37021, 1551975
1184, 379671
1185, 163509
1186, 245192
1187, 303829
1188, 853706
1189, 380009
1190, 226078
1191, 194580
1192, 480667
1193, 1828897
1194, 184720
1195, 594899
1196, 535986
1197, 380260
900381, 380640
900382, 162738
900383, 240808
900384, 303303
900385, 857528
900386, 375885
900387, 228459
900388, 195289
900389, 474956
900390, 1817881
900391, 183287
900392, 603902
900393, 528462
900394, 379739
900395, 25690
1198, 3397
1199, 323680
1200, 35874
1201, 150641
1202, 178277
1203, 391459
1204, 212704
1205, 523389
1206, 4952
1207, 971255
1208, 111290
1209, 933892
1210, 521944
1211, 1142349
1212, 620795
1213, 6422
1214, 173392
1215, 25918
1216, 26635
1217, 54663
1218, 19944
1219, 78771
1220, 26915
1221, 49711
1222, 44981
1223, 154928
1224, 26415
1225, 41962
1226, 29594
149727, 343
1227, 3502603
1228, 1861717
1229, 22334584
1230, 1152606
1231, 467138
1232, 583902
1233, 254980
1236, 21576006
1237, 5930411
47678, 39829760
47679, 6396318
900532, 3425390
900533, 2000717
900534, 22352252
900535, 1221300
900536, 463096
900537, 549788
900538, 250961
900539, 39817616
900540, 21585668
900541, 6509676
900542, 5713558
1239, 2248
1240, 50899
40187, 382378
40188, 29916
40189, 120564
40190, 322373
1242, 22260
1243, 560238
1244, 175626
1245, 493759
1246, 2311273
1247, 1919125
1248, 1971245
1249, 3602730
1250, 1405973
1251, 1535428
1252, 1691761
1253, 3454318
1254, 2681504
1255, 1354576
1256, 351648
1257, 1242807
1258, 1899262
1259, 12766260
1260, 2970726
1262, 784406
1263, 2431443
1264, 3315359
1265, 4071594
1266, 3969498
1267, 1993389
1268, 1912465
1269, 5075771
1270, 6926355
1271, 205076
1272, 142964
1273, 278863
1275, 1083628
1276, 814751
1277, 104361
1278, 150578
1279, 72437
1280, 97572
1281, 120374
1282, 193153
1283, 330936
1285, 248444
1287, 85611
1288, 289122
1289, 272946
1290, 1067856
112869, 439443
1296, 264291
1297, 317926
1298, 108264
1299, 458771
1300, 283804
1301, 745716
1302, 130315
1303, 24062
1304, 282989
1305, 151197
1306, 225824
1307, 734231
1308, 10365696
1309, 12565531
1310, 3123370
1311, 2502804
1312, 550651
1313, 1533575
1314, 5900511
1315, 1472710
1316, 7707438
1317, 17015174
1318, 3962209
1319, 929626
1320, 3776724
1321, 2025500
1322, 2896350
1323, 1952172
1324, 6775423
1325, 2943349
1326, 2921109
1327, 3411597
1328, 5565015
1329, 3480054
1330, 1180814
1331, 849376
1332, 2967590
1333, 3042327
900854, 6772914
900855, 2936722
900856, 2940196
900857, 3391135
900858, 5565317
900859, 3481744
900860, 1182743
900861, 840469
900862, 2967098
900863, 3049756
1334, 23545
1336, 600882
1337, 3618291
1338, 629811
1339, 275027
1340, 189816
1341, 326400
1342, 1646714
1343, 639567
1345, 543675
1346, 530700
1347, 710888
1348, 186109
40766, 292110
1349, 727
1350, 1118
1351, 41655
1352, 16256
1353, 25923
1354, 30534
1355, 8115
1356, 3542
1357, 9424
1358, 453927
1359, 161011
900004, 73809
64821, 3623551
64822, 208150
64823, 369884
64824, 791079
64825, 809291
64826, 438953
64827, 560135
64828, 619461
64829, 975581
64830, 678191
64831, 349172
64832, 1264338
64833, 1385636
64834, 1335006
64835, 361019
64836, 1478266
64837, 879004
64838, 489506
64839, 257911
64840, 453123
64841, 414632
64842, 525345
40222, 1346
40223, 7743
40224, 2513
40225, 41
40226, 2538
40227, 7605
40228, 1488
40229, 17389
40230, 6317
40231, 2388
40232, 434
40233, 963
40234, 7528
1385, 245381
1386, 126021
1387, 30153
1388, 171484
1389, 268531
1390, 262502
1391, 63017
1392, 515550
1393, 74909
40700, 1073942
40701, 1442246
40702, 1091113
40703, 2518341
40704, 2150301
40705, 1076861
40706, 778146
40707, 1713928
900027, 2047208
900028, 1177035
1398, 28560
1399, 23104
1400, 299214
1401, 94045
1402, 114384
1403, 49696
1404, 42354
1405, 11645
1406, 38096
1407, 27820
1409, 2314229
1410, 946561
1411, 622452
1412, 1363129
1413, 466609
1414, 989275
1415, 5834299
1416, 881295
1417, 754054
72912, 452848
901001, 5830533
901002, 750981
901003, 1363129
901004, 463611
901005, 2314229
901006, 943110
901007, 881295
901008, 622452
901009, 989275
901010, 452848
1419, 3999
1420, 467575
1421, 465945
1422, 394287
1423, 606994
1424, 449125
1425, 1818970
1426, 1735025
1427, 105723
1428, 270270
1429, 73564
1430, 211108
1431, 362184
1432, 99
1433, 170882
1434, 660985
1435, 460158
1436, 492401
1437, 176860
1438, 632364
901014, 568
901015, 498997
901016, 355531
901017, 605318
901018, 437820
901019, 1817224
901020, 464742
901021, 512597
901022, 1740678
901023, 106133
901024, 268639
901025, 75631
901026, 228817
901027, 373793
901028, 175672
901029, 594673
901030, 484923
901031, 179903
901032, 640233
901033, 359
1440, 448065
1441, 329861
1442, 312714
1443, 632003
1444, 1698446
1445, 364482
1446, 457644
1447, 433537
1448, 595060
1449, 290211
1450, 353498
1451, 235070
1452, 173923
1453, 1205963
1454, 283075
1455, 568906
1456, 202498
1457, 235920
1458, 310977
1459, 235406
1460, 28532
1461, 217
1462, 1874
1463, 1777
1464, 9326
1465, 571
1466, 24377
1467, 37360
1468, 212800
1469, 1934
1471, 2966
1472, 5898
1473, 2644
1474, 7009
1475, 4328
1476, 3846
1477, 568
1478, 5557
1479, 2339
1480, 985
1481, 890
1482, 1629
1483, 851
1484, 372278
1485, 93727088
1487, 35240968
1488, 128304208
1489, 18961364
1490, 1550113
1491, 69826256
1492, 29914736
1493, 7831666
1494, 70120752
1495, 33977988
1496, 45751
1497, 86050440
1498, 128238664
1500, 3571403
1501, 4248675
1502, 1381618
1503, 2009252
1504, 47512916
1505, 31218326
1506, 82020088
1507, 674877
1508, 82991728
1509, 4423469
1510, 236499184
1511, 102399688
70074, 829497
70075, 30139576
70076, 519687
70077, 295869
70078, 40076732
70080, 1194364
70082, 12238169
900482, 612768
900618, 53438820
900619, 40288248
1512, 4817707
1513, 4801766
1514, 1867868
1515, 3833066
1516, 10564112
1518, 3997838
1519, 52612264
1520, 33595328
1521, 39735792
1522, 5248278
1523, 4504486
1524, 2754660
1525, 5164946
1526, 8744129
1527, 1764856
1528, 5076514
1529, 5591248
1530, 8224714
1531, 9146905
1532, 3292525
1533, 2974458
1534, 2752788
1535, 5566239
1536, 8109280
1537, 14593465
73609, 1603113
73610, 14157993
73611, 1255560
73612, 1429948
73614, 2298419
73616, 1784806
73617, 6692935
73619, 1724537
1539, 2085521
1540, 1474957
1541, 879741
1542, 3970826
1543, 5503971
1544, 4658979
1545, 2627867
1546, 1845231
1547, 7983673
1548, 1809312
1549, 576899
1550, 3234744
1551, 4740064
1552, 642006
1553, 1546748
1554, 9722
1555, 1754180
1556, 1441943
1557, 3150280
1558, 645683
1559, 2456528
1560, 15727060
1561, 3379304
1562, 1153831
1563, 1118566
33110, 1275832
33111, 1935730
33112, 1329079
33113, 1363038
900029, 1443685
900030, 2611846
900031, 3144702
900032, 3974588
900033, 3384076
900034, 2087992
900035, 4742368
900036, 4658196
900037, 3250507
900038, 6246619
900039, 5484395
900040, 2443144
900041, 1539755
900042, 1845751
900043, 876985
900044, 1751440
900045, 576698
900046, 645836
900047, 1451021
900048, 1123895
900049, 647275
900050, 1254194
900051, 1851482
900052, 12574785
900053, 1270644
900054, 1417507
900055, 1343661
900056, 1932254
900057, 959288
900058, 694735
900059, 3104309
900060, 4625
900061, 13712
1564, 2069768
1565, 3383447
1566, 990453
1567, 1873089
1568, 1653244
1569, 2681017
1570, 1792045
1571, 2330682
1572, 8242789
1573, 2500447
1574, 2703872
1575, 1657588
1576, 1470412
1577, 1338393
1578, 4215084
1579, 1628457
1580, 2282730
1581, 1548814
1582, 63514
1583, 95874
1584, 129055
1585, 593331
1586, 188704
1587, 1503306
1588, 284319
1589, 157217
1590, 268625
1591, 120458
1592, 122430
1593, 39342
1594, 210765
1595, 50551
1596, 145107
1597, 143259
1598, 234890
1599, 70036
1601, 90406
1602, 79519
1603, 77074
1604, 179649
1605, 122154
1606, 97229
1607, 173259
1608, 161798
61305, 1387
61306, 1578
61307, 1139
61308, 12115
61309, 431
61310, 2326
61311, 19436
61312, 2298
61313, 984
61314, 1187
61315, 1939
61316, 1715
61317, 3092
61318, 2781
61319, 2799
61320, 1784
61321, 11430
61322, 2098
61323, 5002
61324, 1542
61325, 1920
61326, 6167
61327, 2725
61328, 902
1610, 2347711
1611, 953489
1612, 1077952
1613, 1506943
1614, 1257446
1615, 1418549
1616, 1338510
1617, 562294
1618, 1892080
1619, 5802324
1620, 4687546
1621, 1256353
1622, 5880809
1623, 1392581
1624, 10440469
1625, 1630437
1626, 306225
1627, 4522887
1628, 4029825
1629, 1612901
1630, 5017053
1631, 3809750
1632, 1121752
1633, 942321
1634, 135735
1635, 5168036
1636, 253570
1637, 72088
1638, 193678
1639, 83591
1640, 648489
1641, 185301
1642, 525121
1643, 149171
1644, 191465
1645, 123619
1646, 99650
1647, 79624
1648, 143194
1651, 7536252
1652, 964103
1653, 1243588
1654, 1268021
1655, 762224
1656, 4800120
1657, 1908563
1658, 2037158
1659, 1979072
1660, 2752377
1661, 5248712
1662, 5393222
1663, 2980006
1664, 1134896
1665, 1227284
1666, 894122
1667, 1558618
1668, 9348627
1669, 702528
1670, 1712418
1671, 2637477
1672, 1791768
1673, 2298641
1674, 1094071
1675, 2039955
1676, 1195774
1677, 1368858
1678, 2236326
1679, 1134606
1680, 1881636
1681, 1240310
1682, 8482595
1683, 813113
1684, 7524110
1685, 1479470
1686, 657267
1687, 3706593
1688, 1993096
1689, 724743
1690, 14108422
1691, 548483
1692, 1050397
1693, 6378768
1694, 903242
1695, 1077861
1696, 1334491
1697, 830577
40235, 8771
40236, 4892
40237, 27148
40238, 5033
40239, 8229
40240, 5074
40241, 3153
40242, 4848
40243, 4277
40244, 8307
40245, 7849
40274, 10761
1701, 172884
1702, 505042
1703, 155574
1704, 272936
1705, 2721095
1706, 100325
1707, 1309442
1708, 219013
1709, 124528
1710, 174373
1711, 407789
1712, 1007918
900748, 551
900749, 173918
900750, 155549
900751, 502354
900752, 275712
900753, 412358
900754, 95660
900755, 2645809
900756, 1280288
900757, 222303
900758, 126044
900759, 169659
900760, 1088207
1714, 1482035
1715, 899787
1716, 2649245
1717, 517196
1718, 1079395
1719, 1361323
1720, 765729
1721, 814767
1723, 1299
1724, 792824
1725, 707292
1726, 754308
1727, 1287522
1728, 3145590
1729, 592128
37157, 1240079
51325, 5225910
51326, 4542205
51327, 7101890
51328, 4794712
51329, 6006451
51330, 6909402
51331, 14802196
51332, 5664667
1739, 80890
1740, 12238
1741, 1103317
1742, 718683
1743, 352532
1744, 368073
1745, 994854
1746, 446845
1747, 801640
1748, 1116837
1749, 278375
1750, 1476922
1751, 236133
1752, 434718
900006, 941895
901034, 543580
901035, 935575
901036, 802773
901037, 431248
901038, 1239296
901039, 277803
901040, 1311792
901041, 172936
901042, 238339
1753, 168370
1754, 206047
1755, 409112
1756, 813261
1757, 346839
1758, 461698
1759, 488996
1760, 220962
1761, 375457
1762, 214100
1763, 469644
1764, 1031530
1765, 407813
1766, 151869
1767, 507210
1768, 1038374
1770, 305036
900620, 171318
900621, 201306
900622, 397875
900623, 811140
900624, 344318
900625, 465062
900626, 217135
900627, 490803
900628, 379825
900629, 214794
900630, 466350
900631, 1031581
900632, 154329
900633, 435068
900634, 1045512
900635, 405886
900636, 95919
900637, 289015
1771, 45457
1772, 26440
1773, 28404
1774, 52409
1775, 66795
1776, 155451
1777, 41791
1778, 27554
1779, 55380
1780, 112964
1781, 34996
1782, 38726
1783, 126766
1784, 41146
1785, 33895
1786, 45402
1787, 71389
1788, 39430
1789, 77838
1790, 1023273
1791, 39317
1792, 51441
1793, 62867
1794, 34928
1795, 59012
1796, 59668
1797, 1074649
1798, 750658
1799, 1288369
1800, 1063598
1801, 4124162
1802, 748308
900940, 525813
900941, 547475
900942, 859870
900943, 1142210
900944, 197609
900945, 1263276
900946, 4551461
900947, 748632
1803, 280000
1804, 108273
1805, 275413
1806, 163250
1807, 457137
1808, 160780
1809, 113851
1810, 69205
1811, 117149
1812, 127004
900903, 277254
900904, 106095
900905, 274490
900906, 162746
900907, 455937
900908, 161417
900909, 112722
900910, 68017
900911, 119258
900912, 126685
1814, 96098
1815, 380891
1816, 112371
1817, 259905
1818, 163733
1819, 177347
1820, 56319
1821, 337274
1822, 253968
1823, 188504
1824, 1650558
1825, 561329
1826, 98096
1827, 87020
1828, 129042
900818, 96094
900819, 385192
900820, 112669
900821, 262512
900822, 164280
900823, 178024
900824, 56286
900825, 337632
900826, 297017
900827, 184689
900828, 1601899
900829, 560134
900830, 87368
900831, 97244
900832, 129047
1829, 220977
1830, 236008
1831, 468846
1832, 252290
1833, 63932
1834, 142553
1835, 61121
1836, 110208
1837, 122265
1838, 501242
1839, 584813
1840, 200160
1841, 132968
1842, 446031
1843, 56265
1844, 97625
1845, 345008
1846, 163090
1847, 526122
1848, 106254
1849, 281458
1850, 1495338
1851, 193902
1852, 64403
1853, 62534
900169, 1982109
900170, 4409369
900171, 543938
1854, 3505
1855, 3760
1856, 1789
1857, 3713
1859, 385
1860, 2546
1861, 6812
1862, 997
1863, 5377
1864, 3185
1865, 5101
1866, 132185
1867, 537876
1868, 312403
1869, 142540
1870, 212417
1871, 264860
1872, 85296
1873, 124874
1874, 130728
1875, 803823
1876, 90711
1877, 72192
1878, 427941
1879, 334464
1881, 1282684
899979, 1880099
899980, 1868129
899981, 1626528
899982, 1096587
899983, 963281
899984, 500428
899985, 736679
899986, 602915
899987, 1215854
899988, 959647
899989, 639608
899990, 1149517
899991, 349991
899992, 1358919
899993, 1665412
899994, 770083
899995, 1186285
899996, 1209090
899997, 4712812
899998, 703646
899999, 1169854
1886, 254397
1887, 4909
1888, 8165615
1889, 2437645
1890, 7836225
65268, 58305
1891, 4080453
1892, 2195807
1893, 1663027
1894, 1919540
1895, 979721
1896, 1188450
1897, 1693568
1898, 2671151
1899, 364885
1900, 1789588
1901, 4286625
1902, 2862941
1903, 7339454
1904, 1139171
37336, 81695
1905, 1245
1906, 1999
1907, 3694
1908, 2811
1909, 1350
1910, 1816
1911, 5777
1913, 11839
1914, 9738
1915, 22946
1916, 7415
1917, 290
1918, 93581
1919, 887
1920, 2967
1921, 31305
1922, 35385
1923, 6016
1924, 11846
1925, 408
1926, 3297870
1927, 924890
1928, 2970281
1929, 134999
1930, 4498833
1931, 2904703
1932, 3370514
1933, 4073320
1934, 1100504
1935, 13041
1936, 4614
1937, 1602
1938, 18604
1939, 10275
1940, 3913
1941, 3072
1942, 7068
1943, 2253
1944, 1354
1945, 2795
1946, 825
1947, 5714
1948, 435
1949, 4688
1950, 2875
1951, 2003
1952, 9000
1953, 3146
1954, 3168
1955, 2209
1956, 2012
1957, 1200
1958, 4067
1959, 7984
1960, 5196
1961, 10792
1962, 4283
1963, 847
1964, 9415
1965, 9688
1966, 12812
1967, 3016
1968, 10210
1969, 973
1970, 2303
1971, 11219
1972, 5039
1973, 1312
1974, 3595
1975, 2680
1976, 21817
1977, 3809
1978, 17453
1979, 3729
1980, 2181
1981, 1792
1982, 8939
1983, 641
1984, 21309
1985, 2879
1986, 7378
1987, 4326
1988, 11737
1989, 11983
1990, 8796
1992, 5807
1993, 2731
1994, 3227
1995, 3710
1996, 1265
1997, 18063
1998, 2301
1999, 15261
2000, 11291
2001, 11634
2002, 15075
61297, 152047
61298, 87720
61299, 137116
61300, 27803
2004, 60434
2005, 388147
2006, 362545
2007, 145552
2008, 399024
2009, 340605
2010, 607156
2011, 359382
2012, 26302
2013, 1323601
2014, 84151
2015, 61365
2016, 283578
2017, 41874
2018, 71051
2019, 149581
2020, 111910
2021, 145944
2022, 161773
2023, 299306
2024, 100928
2025, 120142
2026, 58921
2027, 244991
2028, 1438517
2029, 3820720
2030, 1000070
2031, 965076
2032, 6066871
2033, 3785521
2034, 3776506
2035, 858666
2036, 8291424
2037, 1507274
2038, 6961241
2039, 4012308
2040, 3910604
2041, 9584610
2042, 19391718
2043, 5248037
2044, 2175043
2045, 1331111
2046, 10225363
2047, 4509202
2048, 7147472
2049, 2450455
2050, 1820942
2051, 2955712
2052, 3071978
2053, 3303019
2054, 2800526
2055, 3851549
2056, 1198093
2057, 8552809
2058, 2285543
2059, 1812907
2060, 75321
2062, 365195
2063, 268185
2064, 968994
2066, 644794
2067, 226021
2068, 95750
2069, 250873
2070, 212963
2071, 304557
2072, 165591
2073, 190801
2074, 15618
2075, 73583
2076, 79556
2077, 67514
2078, 49566
2079, 89359
2081, 63361
2082, 75876
2083, 29821
2084, 14109
2085, 44689
2086, 59265
2087, 66967
2088, 108493
2089, 79248
2090, 102372
2091, 90317
2092, 99041
2093, 46300
2094, 163411
2095, 1662950
2096, 59572
2097, 47039
2099, 0
2101, 3751
2102, 0
2103, 1424
2107, 2553928
2109, 2195235
2111, 3902271
147326, 2187743
147327, 2285240
147328, 1972653
147329, 2177519
147330, 4472122
147331, 408385
147332, 13167
147334, 2891132
147335, 3804375
147336, 1681020
147337, 3200112
147338, 1858213
2112, 2206379
2113, 1537490
2114, 1506590
2115, 2373039
2116, 3361023
2118, 6041088
2119, 2173210
2120, 2342891
2121, 3541113
2122, 5799362
65246, 792
900948, 2213619
900949, 1537099
900950, 1506354
900951, 2373043
900952, 2173898
900953, 1185816
900954, 6033348
900955, 2175542
900956, 2338644
900957, 3539624
900958, 5791179
2123, 1709287
2125, 489770
2126, 5646072
2127, 1797659
2128, 1491362
2129, 279702
2130, 3508238
2131, 6150727
2132, 1656399
2133, 5190848
2135, 1328637
2136, 7914096
41772, 2726134
41773, 1886870
41774, 1004778
41775, 2672162
41776, 2569344
2137, 102944
2138, 206805
2139, 92017
2140, 84698
2141, 239803
2142, 454656
2143, 105283
2144, 260450
2145, 75826
2146, 257002
2147, 192897
2148, 205542
2149, 157033
900789, 206805
900790, 92028
900791, 84697
900792, 153794
900793, 85894
900794, 453948
900795, 105279
900796, 260740
900797, 76483
900798, 256717
900799, 192897
900800, 205552
900801, 157179
900802, 102944
2150, 8944
2152, 16911950
2153, 10198572
2154, 4520264
2155, 3802970
2156, 5327262
900611, 8351672
900612, 8011970
900613, 10775634
900614, 2339121
900615, 5245639
900616, 1496256
900617, 4538300
2157, 233423
2158, 498950
2159, 457154
2160, 654555
2161, 2097706
2162, 583525
2163, 1100597
2164, 2581649
2165, 2748551
2166, 1172022
2167, 1297860
2168, 372003
2169, 3579061
2170, 264618
2171, 1451083
2172, 271086
2173, 554707
2174, 42167
2175, 149209
2176, 142621
2177, 151229
2178, 209183
2179, 94262
2180, 113969
2181, 452850
2182, 221612
2183, 483415
2184, 33173
2185, 619237
2186, 449205
2187, 182147
2188, 190084
2189, 612487
2190, 163762
2191, 246059
2192, 166032
2193, 586131
2194, 202974
2195, 173080
2196, 1614080
2197, 366661
2198, 677964
2199, 289204
2200, 155328
2201, 183033
900306, 632677
900307, 460954
900308, 175709
900309, 194772
900310, 426515
900311, 170229
900312, 250031
900313, 185332
900314, 533248
900315, 386274
900316, 182001
900317, 1573883
900318, 387588
900319, 643417
900320, 304456
900321, 173965
900322, 180821
900323, 798
900324, 8960
900325, 5839
2202, 674368
2203, 904299
2204, 2591308
2205, 4626975
2206, 860146
2207, 4962566
2208, 4073952
2209, 5240045
2211, 4720506
2212, 6002878
2213, 6052565
2215, 6380416
2216, 6665573
2217, 4038308
2218, 6329250
2219, 4709544
2221, 4852673
2222, 6018503
2223, 6440410
2224, 9229149
2225, 14720211
2226, 8710396
2227, 4960011
2228, 4968103
2229, 3526921
2230, 13913346
2231, 6251004
2232, 5957684
2234, 5246210
2235, 8730682
2239, 3404102
2240, 3723164
65698, 4188430
65699, 7277541
65700, 2637165
65701, 3195131
65702, 3594953
65703, 4804191
65704, 3693908
65705, 2794109
65706, 5178734
65707, 4765661
65708, 7949246
65709, 5659268
65710, 4970598
2241, 1344
2242, 1855
2243, 38076
2244, 632081
2245, 115822
2246, 280853
2247, 72168
2248, 198130
2249, 516076
2250, 249605
2251, 135867
2252, 231587
2253, 284070
2254, 189307
2255, 653077
2256, 455589
2257, 319461
2258, 106303
2259, 163400
2260, 160365
2261, 169466
2262, 248870
2263, 645940
2264, 357374
2265, 1023650
2266, 311559
2267, 154560
2268, 357281
2269, 38062
2270, 824068
2271, 63841
2272, 8437124
2273, 5024530
2274, 2043437
2275, 32483002
2276, 127789936
2277, 50012388
900437, 8442613
900438, 5147824
900439, 2030453
900440, 32342482
900441, 127576128
900442, 50432956
2278, 20505
2280, 171709
2281, 469563
2282, 268425
2283, 282642
2284, 32787
2285, 57873
2286, 114195
2287, 96859
2288, 2088117
2289, 246727
93671, 12252
93672, 218534
2290, 470781
2291, 774569
2292, 338071
2293, 564981
2294, 629887
2295, 768226
2296, 116335
2297, 682638
2298, 51380
2299, 321767
2300, 809775
2301, 171699
2302, 196278
2303, 245691
2304, 289923
2305, 1086696
2306, 266169
2307, 247644
2308, 209114
2309, 921505
73915, 117
2311, 21044
2312, 886060
2313, 182729
2314, 68758
2315, 578109
2316, 191284
2317, 258731
2318, 2823791
2319, 255079
2320, 319692
2321, 226041
2322, 625377
2323, 118591
2324, 90257
2325, 258014
2326, 157266
2327, 434781
900593, 20924
900594, 885884
900595, 181681
900596, 536784
900597, 68812
900598, 576740
900599, 191397
900600, 257743
900601, 2310570
900602, 254271
900603, 308258
900604, 227398
900605, 625217
900606, 120319
900607, 90724
900608, 260431
900609, 143416
900610, 435037
2328, 439445
2329, 1195224
2330, 436916
2331, 1589651
2332, 806608
2333, 1574890
2334, 1314741
2335, 1407077
2336, 591163
2337, 918579
2338, 899251
2339, 1615716
2340, 2103919
2341, 1337472
2342, 11507831
2343, 1175803
2344, 182008
2345, 203216
2346, 370094
2347, 2041497
2348, 1598051
2349, 1034584
2350, 388683
2351, 257267
2352, 626386
900326, 341885
900327, 1196662
900328, 437009
900329, 1589643
900330, 807165
900331, 1574480
900332, 1408860
900333, 590763
900334, 918561
900335, 899203
900336, 1611489
900337, 2103833
900338, 1337455
900339, 11494791
900340, 1187872
900341, 182644
900342, 203199
900343, 371133
900344, 2041249
900345, 1324950
900346, 1580947
900347, 1121233
900348, 388653
900349, 257296
900350, 624741
900351, 20356
2354, 2069372
2355, 13284224
2356, 5414310
2357, 3888356
2361, 6403587
2362, 7594074
2363, 7783571
2364, 4553738
2368, 2894846
67156, 2394812
67159, 3783631
67160, 5548736
67161, 5500515
67162, 4954196
67165, 11366997
67166, 15810283
67167, 3323769
2369, 74
2370, 3184339
2371, 2136265
2372, 2476170
2373, 2158316
2374, 1035919
2375, 3451207
2376, 5484502
2377, 974541
2378, 2164785
2379, 1193194
2380, 2372963
2381, 4559978
2382, 1234092
2383, 1475115
2384, 3561034
2385, 1745472
2386, 696656
2387, 145632
2388, 836429
2389, 127286
2390, 187375
2391, 418174
2392, 162246
2393, 497095
2394, 147594
2405, 477429
2406, 2335946
2407, 112670
2408, 1797644
2409, 450694
2410, 888613
2411, 237696
2412, 189706
2413, 373373
900693, 3708
900694, 14282
900695, 12382
900696, 50152
900697, 4507
900698, 5637
900699, 7225
900700, 134791
900701, 418
900746, 254397
900747, 4909
2414, 420943
2415, 397424
2416, 845800
2417, 517637
2418, 418661
2419, 333359
2420, 348431
2421, 347491
2422, 1798419
2423, 16515
2424, 108359
2425, 847398
2426, 702068
2427, 2744655
2428, 47700
2429, 173037
2430, 246363
2431, 560923
2432, 1627128
2433, 2582544
2434, 1839294
2435, 2733372
2436, 2117536
2437, 1581253
2438, 412462
2439, 16296123
2440, 2816446
2441, 4795431
2442, 2449047
2443, 8282900
2444, 2149375
2445, 726037
2446, 311572
2447, 406845
2448, 572787
2449, 546869
2450, 569702
2451, 258861
2452, 363166
2453, 283173
2454, 503884
2455, 2256627
2456, 412061
2457, 14330736
2458, 270012
2459, 666662
2460, 697108
2461, 185318
2462, 497372
2463, 615757
2464, 469939
2465, 1028364
2466, 305466
2467, 292744
2468, 370075
2469, 512862
2470, 734351
2471, 446293
2472, 255455
2473, 511837
2474, 409415
2475, 401686
2476, 682430
2477, 185688
2478, 327624
2479, 376427
2480, 585480
2481, 355518
2482, 695699
2483, 192023
2484, 357686
2485, 332921
2486, 297870
2487, 461276
2488, 74759
2489, 208109
2490, 2220187
2491, 751199
2492, 1054918
2493, 979642
2494, 4040329
2495, 1543975
2496, 1156564
2497, 960101
2498, 1549644
2499, 3312304
2500, 974420
2501, 46163
2502, 1178063
2503, 3108279
2504, 15829
2505, 372799
2506, 2137267
2507, 980308
2508, 805590
2509, 909948
2510, 276324
2511, 985167
2512, 261088
2513, 531435
2514, 563969
2515, 2593564
2516, 1218947
2517, 521752
2518, 1601823
2519, 1161381
2520, 773639
2521, 107372
2522, 16361
2523, 587545
2524, 5304553
2525, 2445941
2526, 794342
2527, 1008636
2528, 283704
2529, 4437423
2530, 1128629
2531, 129426
2532, 659768
2533, 809322
2534, 10889254
2535, 9808951
2536, 686571
2537, 35580
2538, 40060
2539, 3029260
2540, 571127
2541, 2629372
2542, 1857244
2543, 1867747
2544, 708837
2545, 1307984
2546, 2320619
2547, 1780842
2548, 580320
2549, 4125665
2550, 1077050
2551, 969603
2552, 428461
2553, 3185439
2554, 2358558
2555, 2361506
2556, 665202
2557, 911002
2558, 2858877
2559, 4074293
2560, 994281
2561, 3780808
2562, 198806
2563, 1050160
2564, 1400064
2565, 1288993
2566, 1407450
2567, 310645
2568, 1464366
2569, 1187562
2570, 112873
2571, 1312597
2572, 2509568
2573, 1123830
2574, 2279644
2575, 550608
2576, 1214124
2577, 177090
2587, 1678618
21969, 3802753
21971, 1944491
21972, 3163773
21973, 2964457
900110, 1678618
900111, 3801277
900112, 1944491
900113, 2966698
900114, 3162960
2590, 336294
2591, 612342
68772, 653
68773, 2918
68774, 245
2593, 2984
2594, 2702
2595, 14833
2596, 3255
2597, 3442
2598, 3613
2599, 4168
2600, 2526
2601, 1946
2602, 1922
2603, 6386
2604, 3604
2605, 2776
2606, 2329
2607, 9251
2608, 19639
2609, 15934
2610, 12030
2611, 12095
2612, 24916
2613, 13173
2614, 14128
2615, 49388
39511, 484
39512, 4590
61285, 11735
61286, 27067
61287, 15496
61288, 6557
61289, 37565
61290, 7242
2618, 195643
2619, 31119
2620, 7864
2621, 199011
2622, 2177873
2623, 470906
2624, 6007200
2625, 835262
2626, 915375
2627, 1864951
2628, 2358110
2629, 9309473
2630, 625415
2631, 661279
2632, 1567057
2633, 9774916
2634, 630096
1374, 189637
1376, 560619
1378, 732785
2636, 3564394
2639, 1089034
2640, 836975
2643, 840673
2644, 2159998
2645, 674742
47585, 1805723
47586, 870655
47587, 1083208
47588, 722509
47589, 1033504
2646, 903
61135, 510
61136, 3
61137, 4128
61138, 3710
61139, 6749
61140, 4563
61141, 3
61142, 34
61143, 24
61144, 6114
61145, 4446
61146, 4318
61147, 2548
61148, 3555
61150, 3
61153, 4832
61154, 419
61155, 48
61156, 17
61157, 97
61159, 574
61160, 5
61161, 2
61163, 10
61164, 3585
61165, 16
61166, 13
61167, 7
61168, 3275
61169, 3786
61170, 3
61174, 2
61178, 3319
61179, 3045
61182, 2
61183, 1993
61184, 962
61186, 5
61187, 2
61188, 5070
61189, 1
61190, 1956
61191, 2
61192, 3432
61193, 8591
61194, 5
61196, 1535
61199, 66
61200, 3974
61202, 2
61203, 3
61204, 506
61205, 2539
61206, 35
61207, 26
2654, 1490953
2655, 2347497
2656, 1579966
2657, 1322377
900443, 1490969
900444, 1123868
900445, 1157808
900446, 1579240
900447, 1376027
2658, 864476
2659, 284994
2660, 275322
2661, 76222
2662, 597494
2663, 562750
2664, 82559
2665, 1362315
2666, 230854
2667, 663481
2668, 598349
2669, 812391
2670, 680086
2671, 855682
2672, 585737
2673, 549417
2674, 691109
2675, 214982
2676, 115510
2677, 163082
2678, 71992
2679, 54095
2680, 117528
2681, 609682
2682, 340695
2683, 116856
2684, 275307
2685, 71487
2686, 43115
2687, 621131
901048, 34129
901049, 83061
901050, 32326
901051, 26634
901052, 3563
901053, 156659
901054, 140522
901055, 49450
901056, 19746
901057, 71006
2688, 443336
2689, 457293
2690, 570049
2691, 915520
2692, 1274247
2693, 486355
2694, 485328
2695, 484721
2696, 571379
2697, 1262265
2698, 350372
2699, 762966
2700, 515369
2701, 184349
2702, 398792
2703, 217952
2704, 596905
2705, 1039158
2706, 6879225
2707, 2824715
2708, 15705442
2709, 11000057
2710, 4820184
2711, 4124037
2712, 1372028
2714, 7338736
77312, 5845645
2716, 9236179
2717, 1486894
2718, 1081627
2719, 1353441
2720, 2338324
2721, 617057
2722, 2620826
2723, 2498414
2724, 8517981
2725, 56473
2726, 5883099
2727, 1145920
2728, 2736387
2729, 7478887
2730, 86671
2731, 1739835
2732, 734495
2733, 2245291
2734, 361257
2736, 2694516
2737, 1627248
2738, 1392458
2739, 2535496
2740, 972551
2741, 2038398
2742, 2576782
2743, 1337916
2744, 6131115
2771, 13804
2772, 42815
2773, 18839
2774, 20130
2775, 30277
2776, 40522
2777, 222504
2778, 19457
2779, 40910
2780, 170123
2781, 3060
2782, 311560
2783, 223584
2784, 364208
2785, 196711
900889, 309578
900890, 216295
900891, 356749
900892, 213441
2786, 142122
2787, 281005
2788, 273904
2789, 53073
2790, 305037
2791, 126622
2792, 329673
2793, 222815
2794, 198038
2795, 237566
2796, 294481
2797, 452573
2798, 1373278
2799, 282352
2800, 2338700
2801, 364772
2802, 275309
2803, 260946
2804, 237158
2805, 276066
2806, 1660737
2807, 678483
2808, 61416
2809, 17142
2810, 277150
2811, 181233
2812, 1042788
2813, 330426
2814, 480398
2815, 41311
2816, 212636
2817, 77989
2818, 413552
2819, 179548
2820, 46614
2821, 38410
2822, 523933
2823, 77520
2824, 178862
2825, 270283
2826, 279402
2827, 347439
2828, 35979
2829, 365017
2830, 846595
2831, 115111
2832, 1582063
2833, 158768
2834, 6147426
2835, 491237
2836, 1724533
2837, 4084149
2838, 1331481
2839, 1660002
2840, 1923430
2841, 1868970
2842, 2256498
2843, 1890747
2844, 1112788
2845, 1207755
2846, 902038
900218, 1886976
900219, 6192280
900220, 1183939
900221, 458678
900222, 2086260
900223, 1345374
900224, 1597199
900225, 2005366
900226, 2227411
900227, 1888516
900228, 1179213
900229, 185398
900230, 3739261
900231, 925288
2847, 214377
2848, 3353981
2849, 2693636
2850, 3120327
900725, 3030778
900726, 212888
900727, 3507002
900728, 2622910
2851, 225000
2852, 241769
2853, 10736320
2854, 1085560
2855, 839071
2856, 261849
2857, 854760
2858, 499133
2859, 2018603
2860, 1215623
2861, 2295465
2862, 476991
2863, 740465
2864, 942061
2865, 904871
2866, 1746761
2867, 374139
2868, 689133
2869, 430238
2870, 501040
2871, 803824
2872, 211076
2873, 722163
2874, 413626
2875, 260270
2876, 1118299
2877, 498848
2878, 2465562
2879, 903396
2880, 1434398
2881, 473518
2882, 674310
2883, 484325
2884, 775850
2885, 2286271
2886, 2585951
2887, 621689
2888, 700872
2889, 278692
2890, 466728
2891, 347261
2892, 914678
2893, 517134
2894, 521292
2895, 1048524
2896, 787710
2897, 511157
2898, 1006656
2899, 473889
2900, 387634
2901, 807381
2902, 1276662
2903, 940345
2904, 665546
2905, 849214
2906, 3167703
2907, 1691852
2908, 163524
2909, 901241
2910, 300394
2911, 921180
2912, 148630
2913, 1729540
2914, 665259
2915, 822671
2916, 1182497
2917, 959975
2918, 574847
2919, 274903
2920, 596449
2921, 1797516
2922, 1125714
2923, 292990
2924, 419995
2925, 448639
2926, 422501
2927, 19173
2928, 104550
2929, 39362
2930, 20852
2931, 17945
2932, 9523
2933, 35372
2934, 144245
2935, 44168
2936, 61402
2937, 52562
2938, 10425
2939, 22871
2940, 10543
2941, 127302
2942, 26449
2943, 57033
2944, 92546
2945, 14872
2946, 34267
2947, 17147
2948, 620748
2949, 51927
2950, 68963
2951, 90621
2952, 27803
2953, 200241
2954, 18582
2955, 69556
2956, 19169
2957, 75380
2958, 66674
2959, 131267
2960, 108523
2961, 73352
2962, 373990
2963, 146858
2964, 67541
2965, 79978
2966, 57587
2967, 54768
2968, 77275
2969, 85038
2970, 856597
2971, 947859
2972, 3763904
2973, 1805151
2974, 1205850
2975, 269
2976, 93606
901043, 75282
901044, 8599
901045, 3931
901046, 4766
901047, 3060
2977, 33960
2978, 99956
2979, 188878
2980, 98792
2981, 97101
2982, 22037
2983, 25907
2984, 105371
2985, 38541
2986, 45749
2987, 145595
2988, 83054
2989, 88723
2990, 62720
2991, 225068
2993, 807822
2994, 651605
2995, 611920
2996, 295392
2997, 394370
2998, 346668
2999, 409728
3000, 575638
3001, 457198
3002, 169705
3003, 245601
3004, 422220
3005, 481426
3006, 591739
3007, 500747
3008, 853691
3009, 1005064
3010, 451570
3011, 213272
3012, 766022
3013, 158256
3014, 111109
3015, 952921
3016, 191858
3017, 1677556
3018, 568721
3019, 640740
3020, 591743
3021, 358806
3022, 298611
3023, 5965401
3024, 2044705
3025, 90473
3026, 136074
3027, 984812
3028, 1215652
3029, 156720
3030, 608562
3031, 60123
3032, 265370
3033, 264299
3034, 270346
3035, 685949
3036, 271833
3037, 3281792
3038, 545814
3039, 127554
3040, 517622
3041, 1106949
3042, 1664312
3043, 383654
3044, 575242
3045, 165526
3046, 617748
3047, 747476
3048, 2173225
3049, 385588
3050, 106338
3051, 309645
3052, 1710205
3053, 1750276
3054, 192702
3055, 480687
3056, 15305372
3057, 4202959
3058, 1238846
3059, 258332
3060, 255676
3061, 269278
3062, 351440
3063, 1562945
3064, 131641
3065, 244994
3066, 338033
3067, 192332
3068, 1433658
3069, 2116548
3070, 593845
3071, 688447
3072, 1570367
3073, 706153
3074, 900592
3075, 383920
3076, 304420
3077, 325125
3078, 612264
3079, 506899
3080, 295465
3081, 972097
3082, 1322517
3083, 1956183
3084, 383685
3085, 182626
3086, 554054
3087, 622941
3088, 979490
3089, 499989
3090, 618508
3091, 70616
3092, 376570
3093, 1230793
3094, 279872
3095, 370158
3096, 645984
900071, 296861
900072, 389088
3097, 1963327
3098, 728
3099, 2169268
3100, 2017170
147322, 824158
147323, 2904355
39497, 5031
39498, 43
39499, 880
39500, 34129
39501, 85
39502, 861
3103, 6930
743, 145949
744, 147579
745, 223554
747, 256390
749, 495456
750, 155774
752, 235765
753, 147660
756, 412160
757, 107624
759, 196236
762, 226741
764, 296499
766, 115981
767, 162708
768, 275965
774, 312500
775, 180324
777, 167461
778, 142684
779, 80555
780, 214104
781, 132758
782, 450128
784, 143242
787, 285685
788, 242114
789, 213292
790, 251349
852, 259619
1080, 261344
1082, 130395
1086, 176736
1235, 254018
1241, 319709
1344, 284595
1360, 197705
1361, 442218
1364, 245616
1365, 361001
1366, 292916
1368, 271546
1372, 112679
3104, 245583
3105, 458139
3107, 471145
3108, 256158
3109, 258875
3110, 448997
3111, 538745
3112, 735949
3114, 521375
3115, 581048
3117, 66740
3121, 802497
3123, 1092624
3124, 174263
3125, 292376
3128, 306218
3131, 341422
3136, 115968
3140, 468717
3141, 564625
3142, 473358
3143, 590661
3145, 296992
42179, 599294
42180, 541874
42181, 277851
42182, 1703930
42183, 524150
42184, 276508
42185, 412050
42186, 218644
42187, 532583
42188, 350438
42189, 581324
42191, 121112
42192, 298248
42193, 744533
42194, 224237
42195, 216672
42196, 203079
42197, 343609
42198, 278721
42199, 367888
42200, 2955566
42201, 669784
47067, 181993
47068, 330964
47069, 936301
47070, 122446
47071, 306527
47072, 277834
47073, 622070
47074, 153358
47075, 288617
47076, 561473
47077, 120067
47078, 197180
47079, 415296
47080, 256555
47081, 215389
47082, 473914
47083, 527146
47084, 419549
47085, 596124
47086, 527431
47087, 365293
47088, 877806
47089, 235479
47090, 625858
3148, 1201471
3149, 997205
3150, 888612
3151, 3165377
3152, 4104172
3153, 1360047
3154, 2643945
3155, 1036749
3156, 1240215
3157, 913675
3158, 2268457
3159, 4554350
3160, 2466961
3161, 2092817
3162, 1123834
3163, 2296586
3164, 1360709
3165, 1160145
3166, 1070249
3167, 1041478
3168, 1540284
3169, 1018949
3170, 1237725
3171, 1709692
3172, 1212219
901189, 5891
901190, 1921248
901191, 1197633
901192, 996486
901193, 889433
901194, 3163548
901195, 4107529
901196, 1371254
901197, 2629966
901198, 1042443
901199, 1245768
901200, 920244
901201, 1849108
901202, 2711463
901203, 2091675
901204, 2471192
901205, 1125754
901206, 2301162
901207, 1363979
901208, 1143768
901209, 354847
901210, 1062168
901211, 1031077
901212, 1538739
901213, 1022591
901214, 1242962
901215, 1705221
901216, 1204859
3173, 2543787
3174, 378633
3176, 259882
3177, 3385713
3179, 356428
3180, 1915638
3181, 80135
3182, 56326596
3183, 1935034
3184, 5400544
3186, 3164106
48357, 2118226
48358, 6797387
48359, 2462155
48360, 1042202
48361, 2879419
48362, 2584598
48363, 1878805
48364, 918929
48365, 1847542
48366, 2113585
48367, 3382174
48368, 2686667
48369, 1378781
48370, 3392117
48371, 214217
48372, 234271
48373, 1323554
48374, 1303382
48375, 1635583
48376, 1814837
48377, 1657386
48378, 199868
48379, 133404
48380, 2923197
48381, 2438957
48382, 791970
115002, 2500254
115005, 730545
115007, 748775
115010, 2067893
901091, 2120710
901092, 308
901093, 6775538
901094, 2462155
901095, 1042202
901096, 2860147
901097, 135737
901098, 2575669
901099, 10059
901100, 1883886
901101, 925783
901102, 1847382
901103, 161
901104, 2085001
901105, 3382089
901106, 652
901107, 2686667
901108, 1385551
901109, 3320529
901110, 219376
901111, 234261
901112, 1340070
901113, 1301178
901114, 1634257
901115, 1508
901116, 1814837
901117, 1657386
901118, 201495
901119, 133791
901120, 2923197
901121, 2454083
901122, 792735
901123, 2487538
901124, 730236
901125, 748581
901126, 2066160
39508, 45981
39509, 3243
39510, 44547
3214, 5191865
3215, 620886
3216, 8112810
3217, 3239515
3218, 41256584
3219, 5962775
3220, 3720350
3221, 1030815
3222, 629736
3223, 22065414
3224, 11700530
3225, 1496350
3226, 1925299
3227, 13424962
3228, 6976236
3229, 3201752
3230, 3050434
3231, 4700656
3232, 4711725
3233, 1368284
3234, 6263914
3235, 6684780
3236, 9850076
3237, 5774067
3238, 3146735
3239, 6471185
3240, 1094977
3241, 1967141
3242, 3679318
3243, 1402466
3244, 9112832
3245, 2366893
3246, 19519200
3247, 11423758
3248, 711997
3249, 11793917
3250, 4101661
3251, 4298142
3252, 13191632
3253, 1038265
3254, 5382778
3255, 898333
3256, 7145182
3257, 30903234
3258, 3454359
3259, 639630
3260, 9184652
3261, 7628863
3262, 1924865
3263, 6037723
3264, 648637
3265, 67258
3266, 483578
3267, 82955
3268, 133971
3269, 63365
3270, 24508
3271, 68932
3272, 56947
3273, 201483
3274, 1395217
3275, 113578
3276, 57409
3277, 94333
3278, 64288
3279, 127397
3280, 115646
3281, 75712
3282, 77196
3283, 46842
3284, 3175498
3285, 1958035
3286, 3769986
3287, 2226075
3288, 3175019
3289, 1374363
3291, 2786875
3292, 3658928
3293, 2578470
3294, 757255
3295, 4470132
39696, 1520000
39697, 1273923
39698, 960510
3296, 36647
3297, 34186
3298, 57097
3299, 109625
3300, 35487
3301, 10145
3302, 191411
3303, 1752298
3304, 548448
3305, 1758434
3306, 1042759
3307, 1607595
3308, 2722530
3309, 412969
3310, 437090
3311, 160
3313, 1046904
3314, 876221
3315, 2003319
3316, 949339
3317, 3070577
3318, 1128056
3319, 584655
3320, 1039808
3321, 1003913
3322, 1368478
3323, 768622
3324, 711988
3325, 4505731
67152, 443832
67153, 1993767
900864, 1667
900865, 181170
900866, 1735711
900867, 548293
900868, 1896913
900869, 1040127
900870, 1732274
900871, 2605572
900872, 385474
900873, 417030
900874, 1795086
900875, 1089785
900876, 850651
900877, 2037683
900878, 890922
900879, 3151965
900880, 1078060
900881, 584815
900882, 880827
900883, 1003967
900884, 1313689
900885, 791773
900886, 620081
900887, 771013
900888, 4572638
3326, 2248205
3327, 1253461
3328, 317682
3329, 1627390
3330, 1017464
3331, 1115602
3332, 1205117
3333, 1496438
3334, 3286866
3335, 1195930
3336, 1281172
3337, 1406332
3338, 525601
3339, 1306021
3340, 1130715
3341, 2104479
3342, 3183986
3343, 1783864
3344, 1656266
3345, 881501
3346, 774598
3347, 4728633
3348, 3429768
3349, 1180039
3350, 1763585
3351, 2016754
3352, 10529452
3353, 848494
3354, 1198252
3355, 1211225
3356, 1817297
3357, 671850
3358, 711529
3359, 1436867
3360, 769957
3361, 641627
3362, 1611051
3364, 1710725
3366, 2959568
3367, 910296
3368, 637414
3369, 630956
3370, 946227
3371, 895542
3372, 1467530
3374, 1230812
3375, 1201171
3376, 629941
3377, 1436239
3378, 1338925
3379, 1184688
3380, 1741240
3381, 1218435
3382, 3290658
3383, 1110539
3384, 1749220
3386, 1042075
3387, 786187
3388, 1040338
3389, 1155985
3390, 813442
73935, 746609
73936, 625168
73937, 758130
3392, 9145
3405, 129020
3406, 343550
3407, 681492
3408, 730999
3409, 904615
3410, 886361
3411, 3252374
3412, 672230
3413, 140873
3414, 764046
3415, 1362579
3416, 2041192
3417, 1621133
3418, 2276157
3419, 3251632
3420, 1131682
3421, 369711
3422, 1062154
3423, 1515061
3424, 725795
3425, 3677933
144969, 2484321
144971, 605513
900100, 1546533
900101, 68506
3426, 1865425
3427, 2563662
3428, 2350251
3429, 1646831
3430, 3433613
3431, 1062814
3432, 2502844
3433, 2172996
3434, 1105713
900844, 2353527
900845, 2543962
900846, 2192417
900847, 1700751
900848, 3145909
900849, 1024729
900850, 1097024
900851, 1577608
900852, 1971047
900853, 1097174
3435, 614966
3436, 2225199
3437, 1914223
3438, 1292657
3439, 1647866
3440, 1774241
3441, 1634994
3442, 804416
3443, 707490
3444, 1740232
900969, 596908
900970, 2207247
900971, 1914312
900972, 1295233
900973, 1663327
900974, 1772553
900975, 1634180
900976, 823341
900977, 707569
900978, 1741996
900448, 4821404
900449, 4815640
900450, 14223611
900451, 1861847
900452, 3838147
900453, 10583504
900454, 1281873
900455, 3983771
900456, 52787976
900457, 33750228
900458, 40196216
900459, 5250259
900460, 4488419
900461, 2791372
900462, 4298422
900463, 863461
900464, 1642937
900465, 2569684
900466, 8761476
900467, 2073768
900468, 1593433
900469, 5189439
900470, 5692876
900471, 6727432
900472, 1471021
900473, 8257070
900474, 1708740
900475, 9173308
900476, 3325101
900477, 3028146
900478, 2788770
900479, 5562879
900480, 8144866
900481, 14643092
901127, 5698834
901128, 2745433
901129, 1886719
901130, 482329
901131, 1805449
901132, 283781
901133, 1478011
901134, 3510242
901135, 5682088
901136, 1716794
901137, 465523
901138, 1757553
901139, 5175998
901140, 959790
901141, 2703580
901142, 2588819
901143, 1342827
901144, 8097011
900979, 210243
900980, 137938
900981, 312374
900982, 344850
900983, 318476
900984, 220945
900985, 693665
900986, 660009
900987, 465848
900988, 588065
900989, 742780
900990, 752347
900991, 621040
900992, 527929
900993, 271678
900994, 52667
900995, 201981
900996, 315771
900997, 300997
900998, 293543
900999, 595309
901000, 569125
900566, 5408557
900567, 5619389
900568, 5613278
900569, 4923109
900570, 3903285
900571, 11902244
900572, 16135074
900573, 3341951
900574, 6401025
900575, 7733827
900576, 7954864
900577, 4556300
900578, 3855502
900579, 2352652
900580, 2037931
900581, 2904155
900582, 12630167
900583, 402501
900584, 31943
900585, 128096
900586, 339982
900587, 36823
900588, 33804
900589, 35154
900590, 111060
900591, 57030
900592, 10193
900729, 1142167
900730, 189678
900731, 836208
900732, 715490
900733, 845617
900734, 2157667
900735, 673444
900736, 1036923
900737, 3550802
900738, 887575
900739, 1800081
900740, 706238
900741, 1121055
900742, 561292
900007, 322219
900008, 702938
900009, 423665
900010, 373903
900011, 288999
900012, 675388
900013, 221336
900014, 384642
900015, 399592
900016, 369495
900017, 388374
900018, 132389
900019, 531187
900020, 132381
900021, 234020
900022, 168769
900023, 133223
900024, 2298
900065, 3635559
900066, 2114818
25350, 6575
25351, 51821
25352, 30965
25353, 33014
25354, 10820
25355, 25435
25356, 24389
25357, 17361
25358, 10038
25359, 24292
25360, 6505
25361, 67997
25362, 19065
25363, 21755
25364, 2607
25365, 203727
25366, 21495
25367, 1859
25368, 15271
25369, 16988
25370, 3840
25371, 107019
25372, 169793
25373, 1751545
25374, 195798
25375, 650380
25376, 263554
25377, 164817
25378, 808818
25379, 255810
25380, 194253
25381, 269015
25382, 203385
25383, 374208
25384, 128745
25385, 392311
25386, 81224
25387, 187934
25388, 203338
25389, 442666
25390, 227347
25391, 328244
25392, 174295
25393, 130131
25394, 168806
25395, 294617
25396, 290429
25397, 91957
25398, 104328
25399, 161944
25400, 265341
910, 6473819
40776, 13075
40777, 6347
900744, 19916
900745, 17945
2745, 4447847
2749, 1225169
2752, 2420762
2753, 7276568
2755, 897832
2756, 2833342
2757, 3422315
2758, 1526465
2761, 1488753
2762, 1615072
2763, 876947
2764, 4641505
2767, 1697752
2769, 747983
2770, 2270283
40772, 2459995
899977, 539914
899978, 2199179
900115, 1225190
900116, 539919
900117, 2203285
900118, 1524586
900119, 2420095
900120, 7275686
900121, 1488938
900122, 3422378
900123, 2834384
900124, 897855
900125, 2457168
900126, 1616303
900127, 4640930
900128, 875850
900129, 747883
900130, 1693540
900131, 2270352
900132, 4449172
1158, 345339
1159, 6225901
1160, 6410425
1161, 3462443
1162, 5075627
1163, 4944628
1164, 9672744
1165, 4249546
1166, 5528551
1167, 8535794
1168, 5549157
1169, 241079
1170, 1267138
1171, 665981
1172, 7027654
1173, 1528554
1174, 4561194
1175, 3072110
1176, 702460
1177, 1427901
1178, 170555
1179, 3408728
1180, 494205
1181, 2624456
1182, 469470
1183, 4909534
61524, 3215795
900913, 8564020
900914, 4958331
900915, 689920
900916, 653423
900917, 1442489
900918, 6476197
900919, 6975891
900920, 5579485
900921, 3433864
900922, 4991226
900923, 4241538
900924, 6183436
900925, 1346752
900926, 9632177
900927, 3102898
900928, 3425665
900929, 5493424
900930, 4608131
900931, 4904986
900932, 2137441
900933, 1527507
900934, 3695964
900935, 345794
900936, 240320
900937, 511991
900938, 468212
900939, 167745
40408, 3723843
40409, 1151814
40422, 153070
40423, 157422
40424, 1758610
40425, 1758620
40426, 630329
40427, 1019884
40428, 595960
40429, 2105058
40430, 681130
40431, 6356669
900806, 1151814
900807, 3723843
900808, 153070
900809, 157422
900810, 1758610
900811, 1758620
900812, 630329
900813, 1019884
900814, 595960
900815, 2105058
900816, 681130
900817, 6356669
61033, 33753
0, 0
900893, 1891413
900894, 6234771
900895, 2081572
900896, 900075
900897, 705925
900898, 969254
900899, 1526659
900900, 1082515
900901, 473114
900902, 956038
2395, 3708
2397, 4507
2398, 5637
2399, 7225
2400, 134791
2401, 418
2402, 14282
2403, 12382
2404, 50152
925, 23760158
900195, 8504
900196, 5610
900197, 21147
900198, 6717
900199, 5541
900200, 1429
900201, 1829
900202, 6894
900203, 10959
900204, 1432
900232, 751152
900233, 425451
900234, 406299
900235, 1997437
900236, 842003
900237, 520796
900238, 1041307
900239, 77645
900240, 372311
900241, 536313
900242, 709300
900243, 392039
900244, 712277
900245, 463862
900246, 1052110
900247, 761003